3.429649937376229,2.881768039474298,2.566499430180478,-1.951916003552539,5.381565940928767,4.281953154727836,0.1793094709165353,-0.00881882299705132
3.436743710849942,2.883382872310159,2.581047545338187,-1.9472171262276,5.383960837077543,4.284348050956799,0.1806282406608886,-0.003133996904623669
3.432720998790328,2.882069324768364,2.573350628846395,-1.949540116867629,5.382261115657957,4.282648329499139,0.1799834324783647,-0.006085150177504214
3.437410289462597,2.883135015488462,2.582949096003954,-1.946433240065029,5.383843529527626,4.284230743421682,0.1808583092098431,-0.002324103697151041
3.442853384773712,2.884609551026209,2.593721385611503,-1.943032437720568,5.38588582249428,4.286273036444892,0.1818170536381706,0.001882169009741921
3.448019039182627,2.886212313638755,2.603629155714776,-1.939980915396236,5.387999954578862,4.288387168578986,0.1826781545381582,0.005737455524704217
3.442414106503209,2.884868577756893,2.592347981795952,-1.943630700479733,5.386044806982943,4.286432020922111,0.1816390121099374,0.00128169433909507
3.442034316432061,2.884822618682866,2.591521081729083,-1.943916726524099,5.385951042956161,4.286338256890356,0.1815568851455288,0.0009488477353057773
3.443793244869001,2.885379887627705,2.594887784814138,-1.94288720999128,5.386680454860279,4.287067668811204,0.1818459816546175,0.002252887010273067
3.443205386856488,2.885317917072662,2.593596869664036,-1.943337739958757,5.386543126815245,4.286930340758317,0.1817162708234726,0.001731254197305629
3.439922492523245,2.884447400483732,2.587077706929673,-1.9454048689759,5.385327361499144,4.285714575407822,0.1811327039111973,-0.0008188789429818485
3.446086796783606,2.886192943529289,2.599155918114194,-1.94161904552245,5.387705842306055,4.288093056277146,0.1822007374608216,0.003894194587851016
3.445161983246042,2.886108925829693,2.597110559504199,-1.942339222025142,5.387501205271184,4.287888419229711,0.1819926639431587,0.003063958672386457
3.444127447758514,2.885949359036883,2.594907565829517,-1.943088761311581,5.387216209070095,4.287603423015743,0.1817776758930613,0.002180724819262605
3.448634823785545,2.887354469189514,2.603546882670233,-1.940431639686304,5.389066463471848,4.289453677460551,0.1825268060729063,0.00553980029848381
3.435145696267316,2.883700359417584,2.576854087551657,-1.948859492645513,5.384005188912829,4.28439240276163,0.1801508806053172,-0.004884159042946958
3.441360731727576,2.885246936025081,2.589374567525031,-1.944857504265109,5.386218235992684,4.286605449908824,0.1812772471037599,9.788642460264837e-06
3.440655586163864,2.885031394910972,2.588011352342233,-1.945277087487108,5.385932673650972,4.286319887560235,0.1811596360847827,-0.0005181511046659593
3.447812840703465,2.887072478236335,2.6020078650865,-1.940894063157105,5.38870690386057,4.289094117841914,0.1823967908927858,0.004944821582650134
3.440618114201282,2.885211997243808,2.587680527374234,-1.945463983144387,5.386082097345668,4.286469311251061,0.1811025503255896,-0.0006785888700432579
3.438818224069023,2.884642848950457,2.584222243669501,-1.946518871835432,5.385337095904453,4.285724309792604,0.1808078880180083,-0.002012708031326795
3.431415889860394,2.882393860527684,2.569824316609611,-1.950937896918215,5.382353786778609,4.282741000593617,0.179578039818014,-0.007558236730426934
3.436329992251641,2.883437771790617,2.579999927131504,-1.947618881710134,5.383948873961775,4.284336087833652,0.1805117033520234,-0.003568418832978419
3.437079273290118,2.883478670190312,2.581707171111509,-1.9470115817275,5.384090855017616,4.28447806890029,0.1806857890215219,-0.002878244876634591
3.434841238572151,2.882692625742533,2.577503879586132,-1.948256446280742,5.383097684852893,4.283484898715439,0.1803411199401547,-0.004482429313046843
3.443022991866948,2.884849227154788,2.593797330088639,-1.943092465670259,5.386115457537206,4.286502671486039,0.1817955066717074,0.001879593346335287
3.452124190646752,2.887594538154236,2.611331352634029,-1.93764985610828,5.389774046755032,4.290161260792228,0.1833367943099629,0.008728622852359876
3.442543787916569,2.885233786355391,2.592162250814871,-1.943832498508762,5.38637628642533,4.286763500359821,0.1815742414274623,0.001154208517514069
3.451195238793326,2.887800373976209,2.608906181625912,-1.938621220420164,5.389816459213489,4.2902036732329,0.1830484016204437,0.007692761353174359
3.433509071407645,2.883037974374556,2.573892988822627,-1.94969498539315,5.383204056800794,4.283591270636426,0.1799226437235615,-0.005996450132735685
3.434414576124829,2.882998553489194,2.576083156924302,-1.948884630415703,5.383299206540531,4.283686420390886,0.1801555875085651,-0.005101825355396526
3.45220218515899,2.887909272697968,2.611097543252391,-1.937852489497426,5.390054674656416,4.290441888689076,0.1832718638093104,0.008585814208200324
3.434648975632304,2.883228857605697,2.576323118854583,-1.948881118477463,5.383530094109766,4.283917307959526,0.1801526838506217,-0.005035689452342763
3.445885179369403,2.886232119642839,2.598633618701791,-1.941825286275132,5.387710465644534,4.288097679611839,0.1821400290895485,0.003673472795980259
3.457358866427025,2.889748182894637,2.620607736224776,-1.935013335095927,5.392372201522951,4.292759415599956,0.1840751628156404,0.01227461980166835
3.463540758193453,2.892141582995555,2.631717914954802,-1.931773036162883,5.395313794356336,4.295701008482558,0.1849923826267575,0.01656956720968008
3.467317703653768,2.894029184666442,2.63793552110899,-1.930157745641303,5.397475449295071,4.297862663443435,0.1854395802609081,0.01889997693203981
3.464004753365217,2.893934645940953,2.630458316295464,-1.932909580813447,5.396914334178664,4.297301548279481,0.1846238039406567,0.01577225816674995
3.471642874321697,2.896880776264172,2.644156480064836,-1.928898215546704,5.4005410898684,4.300928304029529,0.1857648472333135,0.02108992392561709
3.469102923955364,2.897084872079502,2.63808112503979,-1.93124386742124,5.400346791376604,4.30073400549652,0.1850625921986356,0.01849875889504815
3.459522121525503,2.895088126934465,2.618603528090178,-1.937731723720755,5.397253845246257,4.29764105925928,0.1831826020381867,0.01065828360031669
3.449934375872412,2.892708202730507,2.599440560638217,-1.943904322792535,5.393838698664946,4.29422591257626,0.181425249981951,0.003091709676371062
3.451956309072554,2.893327953730349,2.603338088899207,-1.942703027660496,5.394659336733048,4.295046550663812,0.1817628386772564,0.004604867570048305
3.466633806308942,2.897709369336021,2.631597305071466,-1.93388946209319,5.40052326840213,4.300910482474203,0.184267770638039,0.0156866168357585
3.479209107203622,2.902036460289548,2.654809288515428,-1.926838388200977,5.406047495404597,4.30643470958471,0.186289594893554,0.02480553233289064
3.492751050227182,2.907100709499736,2.679055958205245,-1.919600013175304,5.412351063402486,4.312738277689029,0.1883838686104787,0.03436361202583492
3.493836801312949,2.908933239289806,2.67920894055591,-1.920237226791683,5.414074028104631,4.314461242374388,0.1881572225187591,0.03413433512626831
3.494031788416575,2.91045840776699,2.67773733673941,-1.921372447398558,5.415404235815134,4.315791450060777,0.1877855758659824,0.03325831982498392
3.485502408398912,2.909338951164729,2.659814922743505,-1.927700569382135,5.413202977781046,4.313590191923229,0.1859019088892136,0.02579928019499648
3.507762621577368,2.916914936892967,2.700518927932685,-1.915166780275026,5.422929401852395,4.323316616180167,0.1895591653121213,0.04203814784055122
3.507818633002338,2.918702567338748,2.698438179162887,-1.916643323771884,5.424461956774222,4.324849171071566,0.1890747969438042,0.0408415376258256
3.511466570310493,2.921458498180903,2.703190860631267,-1.915882556748898,5.427349127059391,4.327736341360108,0.1892571742365465,0.04244709936186931
3.5111068284984,2.923068155120396,2.700394533925174,-1.917562103660637,5.428668932159034,4.329056146426712,0.1887151391273722,0.04097312025668196
3.512849331274764,2.925191074843987,2.701666485220339,-1.917886527425795,5.430735858700558,4.33112307295589,0.188577786734821,0.04117622139793896
3.535773521640755,2.93359618241944,2.742293652624689,-1.905514472129409,5.441287993770163,4.341675208197757,0.1922365657294712,0.05751981080457069
3.536037797705552,2.936023748492891,2.739969474079313,-1.907355945819254,5.443393743524807,4.343780957914531,0.191617803167731,0.05606992886629972
3.526293614556325,2.935350148463264,2.719186214232799,-1.91508440294228,5.441378017498604,4.341765231766201,0.1892476796955822,0.04709059174185957
3.524899939126039,2.936674243903735,2.714434047827054,-1.917402022516166,5.442301961642205,4.34268917586786,0.1885165866434571,0.04481570179819556
3.509801911260276,2.933816687988205,2.683899959960267,-1.927852335717122,5.437654246977398,4.338041461040715,0.1854224163899981,0.03222369641270165
3.516824613258321,2.936820104124726,2.696046825881202,-1.924418702626923,5.441243315885244,4.341630529995868,0.186394794444218,0.03690986362995086
3.520587795893795,2.939075776877254,2.701719881453006,-1.923131322018078,5.443719117911873,4.344106332036512,0.1867407867867696,0.03897269038222315
3.519648116916046,2.940023781099879,2.698391388987333,-1.924743257089523,5.444391374005569,4.344778588100886,0.1862402778631927,0.03740597597189994
3.531035740469641,2.944499975038616,2.71847859420282,-1.918843249080153,5.449878989549793,4.350266203726843,0.1879368328877953,0.04528718877493299
3.538416732646041,2.948162640213204,2.730478533334249,-1.915671455010757,5.454088187656797,4.354475401872953,0.1888341043135562,0.04987002322508328
3.532955392207626,2.948220862603939,2.718152651464659,-1.920380047540023,5.453335439747649,4.353722653888106,0.1874047122638132,0.04454778719948446
3.520794862921239,2.946026660675624,2.693342317194683,-1.92889198573956,5.449686848660799,4.350074062669894,0.1848972756309188,0.03434181216378977
3.519056348148108,2.946370872942913,2.688920457252276,-1.930672331233426,5.449728679381534,4.350115893360447,0.1843642526471443,0.03242910172206092
3.505090137589129,2.943050836579659,2.661016676466423,-1.939781453245651,5.444871590834779,4.345258804672608,0.1817560972856112,0.02130192800899682
3.521738326175098,2.948086437574138,2.692851043507339,-1.929846090641233,5.45158441681633,4.351971630803664,0.1845783039127031,0.03382201931708987
3.525152990920393,2.949874017142916,2.698360387598156,-1.928455297788177,5.453608288708569,4.353995502713244,0.1849587516684313,0.03587086661939867
3.527836725117159,2.951530593490013,2.702362831396916,-1.927577449779594,5.455414174896752,4.355801388910713,0.1851900226606071,0.03730692276165815
3.510926942743293,2.947527299227476,2.668655992101346,-1.938616670273176,5.449543613016469,4.34993082686108,0.182017119164915,0.02381582154541622
3.532995801331495,2.954215880285505,2.710682995103202,-1.925463834775418,5.458459636106913,4.358846850146927,0.1857715341982166,0.04041491793926739
3.529853672484311,2.954342631120934,2.70336387355868,-1.928256774533471,5.458110447017783,4.358497661012318,0.1849385565555951,0.03729888629682268
3.543747767274743,2.959293830353871,2.728611395438138,-1.920618816491499,5.464366583766241,4.364753797868188,0.1871326310670047,0.04725789228854311
3.543819237570354,2.960651237250578,2.727069625661299,-1.921716358302136,5.46553559587249,4.365922809952794,0.1867780287410374,0.04638175985856956
3.547980031734117,2.96314035845355,2.733334393682285,-1.920289326514071,5.468269358248187,4.368656572343424,0.1871623358816288,0.04866602997231664
3.544095768620472,2.963346968714921,2.724296319809115,-1.923781716168198,5.46787748478867,4.368264698827915,0.1861106882879964,0.0447735118336614
3.55115156309173,2.966550840845893,2.736213049948427,-1.920493001747051,5.471644564838781,4.372031778920274,0.1870393643755994,0.04935350131428377
3.553765478321269,2.968647385959728,2.739479753758225,-1.920051282950893,5.473816761272161,4.374203975354149,0.1871343910269746,0.05041752711425646
3.554676541770862,2.970265370734618,2.739507843431601,-1.920654486517428,5.475331028288291,4.375718242355853,0.1869236786710604,0.05017061599072772
3.54946511486475,2.970044753185461,2.72799129422766,-1.924915837230382,5.474380952095132,4.374768166096306,0.1856525086286364,0.04529710388677076
3.529181774522055,2.965184532534052,2.68770867901421,-1.938104746986321,5.467286521508376,4.367673735312327,0.1818620668513995,0.02915614965848222
3.536304739214579,2.967499652395899,2.70114821798304,-1.933990170140101,5.470294909354679,4.370682123218639,0.183019702842228,0.03439643069752227
3.531182573986196,2.966508293045558,2.690603969759616,-1.937525139295357,5.468707713281554,4.369094927091264,0.1820074039105216,0.03016307161252699
3.525421741456412,2.965124133482987,2.679039007773766,-1.941272821527731,5.466694562984144,4.367081776736746,0.1809479312219033,0.02559288799344912
3.523802921902413,2.964714551115855,2.675805886669776,-1.942308689549738,5.466111611452151,4.366498825188943,0.1806569838488813,0.02432379153537673
3.515789136058495,2.96240412463728,2.660116446741107,-1.947196761726719,5.462985897785214,4.36337311144781,0.1792986644992274,0.01824116907512467
3.517508257113137,2.962604628736865,2.663889338489768,-1.945894839591211,5.463403096704347,4.363790310387883,0.179666091517425,0.01974781237098217
3.518437076857716,2.962655963010496,2.666001547057392,-1.945142693714394,5.463579770572109,4.363966984267888,0.1798799054962728,0.02060124468079209
3.522587627433699,2.963680891713234,2.67434757711873,-1.942464304375735,5.465051931809435,4.365439145546436,0.1806298037975379,0.02387054823989234
3.5299820056473,2.965806290726561,2.688744984728898,-1.93795194683688,5.467933952484182,4.368321166288905,0.1818956829165018,0.02949522882250261
3.52442215893148,2.964456196725172,2.677597019306135,-1.941556906046867,5.465979064978346,4.366366278728105,0.1808775189468385,0.02509469244228071
3.533880433658992,2.967234805020951,2.695896393807326,-1.935837871390949,5.46971830504994,4.370105518884898,0.1824852781502645,0.03225114597432265
3.532902189149485,2.967333710344745,2.69350232801182,-1.936759726960938,5.469661916110422,4.370049129930233,0.1822154378125474,0.03124394042473308
3.532848380932395,2.967644432241412,2.69296870374577,-1.937071728425086,5.469920109357481,4.370307323171398,0.1821194594524536,0.0309780084226119
3.540727520313318,2.970238523974367,2.707768143185491,-1.932549663682998,5.473277183996315,4.373664397875648,0.1833936087969751,0.03675338209431279
3.542247244381284,2.971257111999343,2.709940355810997,-1.932121019091112,5.474368263472396,4.374755477355693,0.183501489643135,0.03750981504355243
3.543008683067203,2.972079104557876,2.710624062475161,-1.932172770350863,5.475181453418065,4.375568667298215,0.1834719613649811,0.03767335016227324
3.545581442637042,2.973423371593973,2.71479217677382,-1.931122146701989,5.476703589339031,4.377090803232091,0.1837567956516447,0.03921690085954199
3.544087239078839,2.973645430899402,2.711070236382236,-1.932589877329175,5.476677116408013,4.37706433027711,0.1833224175609126,0.03762713455240788
3.557410112998804,2.978098637893635,2.735812585752631,-1.925008269317593,5.482418382316396,4.382805596292324,0.1854813348073665,0.04736225456871555
3.547469924217065,2.976220119102873,2.715506143662278,-1.931898714036823,5.479368638253888,4.379755852126737,0.183480003127075,0.03909820111753133
3.553486128245796,2.97857550431364,2.726257980677439,-1.92876864857369,5.482254776819486,4.382641990735072,0.1843591070577799,0.0432536574705905
3.557536795864023,2.980546809633086,2.732980875247308,-1.926991443499715,5.484528239363739,4.384915453301535,0.1848494217572363,0.04578626546808909
3.552285804311746,2.979909787181271,2.721787381648823,-1.930935451972042,5.483221256283787,4.383608470161497,0.1836980677591984,0.04117596483434957
3.546325413953015,2.978832520982063,2.709462580155222,-1.935112464389843,5.481437878342858,4.381825092157496,0.1824960338122589,0.03619479046954776
3.541902747994296,2.977954247754267,2.700372512421999,-1.938146191820004,5.4800489398143,4.380436153583003,0.1816311816279048,0.03255751468172276
3.567950858565307,2.985758545165466,2.750022648268931,-1.922547334115556,5.490498192680862,4.390885406672502,0.1860775839987063,0.05220241785335224
3.567918925251623,2.986903600577715,2.748503801398624,-1.923552292497158,5.491471217748782,4.391858431721565,0.1857573900830226,0.05137640905730564
3.551668357303062,2.983259242612498,2.716009872623008,-1.934328333598238,5.485996690901299,4.38638390471628,0.1826477738900923,0.03826906664086575
3.546946683419157,2.982332168033157,2.706299385562367,-1.937575904265772,5.484522587684929,4.38490980145103,0.1817211791514889,0.03437834867013415
3.562359528318086,2.987052421212796,2.735655612408991,-1.928429206694625,5.49078873501271,4.391175948909549,0.1843098177238015,0.04592073608458411
3.572555846855254,2.99082160691178,2.754060581533486,-1.922938001637809,5.495493848493062,4.395881062463882,0.1858702390055569,0.05312475378611062
3.583611943879776,2.995184675986057,2.773527004200329,-1.917224993137065,5.500836937016842,4.401224151061692,0.1875036656257773,0.06075629906713695
3.583810995533456,2.996702385031756,2.772087707135258,-1.918349841183577,5.502160836717032,4.402548050740376,0.1871374084966027,0.05989175587327518
3.583509869025551,2.997999600595056,2.769790926472622,-1.919713649578504,5.503223518604054,4.403610732602978,0.1867045360550615,0.05869875501474616
3.574258393079117,2.996591449810751,2.750600746003231,-1.926411754451945,5.500670147531062,4.401057361432194,0.1847366730634124,0.05076287415521523
3.564087599446227,2.994525237460819,2.729949719231422,-1.933341166306495,5.49742876575272,4.397815979552733,0.182740331586103,0.04241677619767507
3.582668397370264,3.000412171161577,2.764858603699171,-1.922491295636523,5.505159693006787,4.405546906956738,0.1858313870905743,0.0562114168406378
3.564901059699991,2.996362289073248,2.729427062579995,-1.934216822555835,5.499117882255827,4.399505096037363,0.1824539106669248,0.04193038730851797
3.563572034266403,2.996395268737295,2.72631175019166,-1.935382311464275,5.498954345730677,4.399341559494043,0.1821151653297872,0.04063282247218566
3.560144220126313,2.995752065522487,2.719212597312642,-1.937765897402519,5.497910117528832,4.398297331256765,0.1814371516688986,0.03778977477353172
3.542774112527959,2.990967758443086,2.684943357467,-1.94855105655872,5.491325169086679,4.391712382656245,0.1784418831366221,0.02445937875671175
3.544024640838682,2.990897286853649,2.687991142042416,-1.947418134695812,5.491442775534495,4.391829989122304,0.1787628775006374,0.02570157158469893
3.566133189568615,2.996904370105296,2.73156260948263,-1.933626399009402,5.499759588578017,4.400146802367262,0.1826161894897334,0.04273884144684416
3.577759907104184,3.00073487950686,2.75328920348948,-1.926959929063432,5.504719836167616,4.405107050048829,0.1845016084801367,0.05126238176256002
3.570902805465312,2.999588618942711,2.739055117897155,-1.931842389023922,5.502745194489234,4.403132408298843,0.1830894608615522,0.04546502421922352
3.590050481609623,3.00572476818623,2.774867442096513,-1.92072380744558,5.510774289055203,4.411161503016531,0.1862628604318187,0.05963684751347584
3.587406145678767,3.006166888531376,2.768324097205209,-1.923359136126205,5.510765281804972,4.411152495725515,0.1854704093212883,0.05678234025609138
3.579287107828451,3.004854286340841,2.751489999574098,-1.929175265026628,5.508462372855079,4.408849586691318,0.1837778057597298,0.04988123208647489
3.563635312877388,3.001028562385114,2.720339778727757,-1.939294565163832,5.50292987804122,4.403317091731908,0.1809078268197078,0.03750533689434368
3.566886562391278,3.00206808739283,2.726523553952051,-1.937400718839687,5.504287281230964,4.404674494948376,0.1814349094870005,0.03990445612094399
3.558911985976672,2.9999856702358,2.710702817003872,-1.942447346935989,5.501359332912662,4.401746546556808,0.1800233021005463,0.03370168885217767
3.561123963549599,3.000537722568042,2.715136229401467,-1.941025193045538,5.502149156595135,4.402536370260121,0.1804202061647293,0.03543879855746648
3.571008760673148,3.003388333732431,2.734338891363886,-1.93500233063609,5.506011091309238,4.406398305060248,0.182105229092796,0.04294657847074294
3.565394921498696,3.002122235562323,2.722984441447238,-1.93872425930616,5.504119180804855,4.404506394501639,0.181053122051541,0.03843851077553489
3.567787191844578,3.002945939246137,2.727455008230018,-1.937381190629508,5.505168382474085,4.405555596189562,0.1814256045728166,0.04016343242056189
3.578776879484439,3.006338293727707,2.748401195216808,-1.930880326778741,5.509657206263179,4.410044420069511,0.1832529940862523,0.04836605325714059
3.579959947182954,3.007277345058382,2.749902536927217,-1.930671586598615,5.51063153378157,4.411018747588583,0.1832976205034574,0.0488537579503719
3.572233223863774,3.005646826960179,2.734206142183859,-1.935887207827269,5.508120431691042,4.408507645422644,0.181810612999519,0.04256525594822572
3.577373945073866,3.007429409744463,2.74375300485966,-1.933013522630634,5.510387467704499,4.410774681475472,0.1826126675053859,0.04626676140576152
3.578867624548211,3.008326474490761,2.746026706215736,-1.932503085407251,5.511370709955462,4.411757923731871,0.1827455796672265,0.04708135151378195
3.571578427419465,3.00671309567642,2.731281178794571,-1.937360455078002,5.508938882497467,4.40932609620373,0.1813675531274697,0.04120426084006558
3.592547483842975,3.012999729910479,2.771332898463854,-1.924803236519264,5.517350720362238,4.417737934242196,0.1849210711431347,0.05699573997209258
3.60504229421072,3.017600583813835,2.793808721530556,-1.918062744105994,5.523105038316714,4.42349225228353,0.1868437746610075,0.06583909527548565
3.611606584396725,3.020873637196585,2.804482064105391,-1.915254461074584,5.526861045471309,4.427248259469712,0.1876274978398743,0.06989559323900679
3.61248794505457,3.0226414762094,2.804271420991836,-1.91601028379256,5.52849822884713,4.428885442829489,0.1873677289746246,0.06951579900618965
3.628823951327399,3.028912750679262,2.832976876082837,-1.907430084835227,5.536254036162626,4.436641250249543,0.1898525255000379,0.08092866294485783
3.619233478504988,3.028053350644691,2.812695985725489,-1.914871780456814,5.534105258961802,4.434492472945156,0.1876109819088601,0.07225922149011134
3.618720936252756,3.029413816868107,2.809864002399216,-1.916469205872735,5.53519014212549,4.435577356082057,0.1871062701279383,0.07081834538428075
3.605388275098874,3.026930144839016,2.782820983781,-1.925732670878928,5.531120945977801,4.431508159806658,0.1844007448452596,0.05970384105283941
3.60115312287089,3.026554285954496,2.773617670289124,-1.929031492383088,5.530184615253977,4.430571829035307,0.1834410492673618,0.05589539447778704
3.599645341190859,3.02677373037717,2.769871439636019,-1.930508461632264,5.530153802823122,4.430541016582089,0.1830068625115531,0.05429703110530244
3.597214927672683,3.02663787911074,2.764451230860534,-1.932471192676416,5.529686120349099,4.430073334079346,0.1824394321145027,0.05205973480929969
3.594609363119353,3.026335681027194,2.75882689751387,-1.934442136341599,5.529051499460953,4.429438713162656,0.1818748752548796,0.04977066704743524
3.588912755572794,3.025028512835934,2.74732959000887,-1.938199957300298,5.52711271287309,4.427499926521773,0.180817325333548,0.04521512228598202
3.575959809693738,3.021431108917622,2.72181077614532,-1.946217166364074,5.522176976057813,4.422564189593359,0.1786015646754008,0.0353038097991662
3.562184227333633,3.017161037519033,2.694991085456083,-1.954373671884032,5.516557899217664,4.416945112636617,0.1763937646558043,0.02509092686058271
3.546552023200618,3.011927898017213,2.664774967611311,-1.963309133647619,5.509861156848237,4.410248370137167,0.1740248108112718,0.01379231914159832
3.541722125671485,3.009243843413106,2.656901242654721,-1.965154304118998,5.506876429790484,4.407263643055184,0.1735650801661487,0.01102839602875941
3.546511334657395,3.009163928837005,2.668597757333793,-1.960967413037833,5.507478747695227,4.407865961026848,0.1747051567212577,0.01562608966664875
3.531684147020401,3.003810131134991,2.640286968263534,-1.969115189703885,5.500799336724285,4.401186549935564,0.1725782773611408,0.005189456000273755
3.533875055195215,3.002777803321941,2.647106241235222,-1.966341396979767,5.500216452174981,4.400603665433118,0.1733416761646314,0.007962560091318596
3.530498379603735,3.000343350814648,2.642390355498764,-1.967151701833285,5.497650081437018,4.398037294686779,0.1731594796832703,0.006408129873899685
3.52321593768365,2.996772471223025,2.629785657126372,-1.970345444515032,5.493561382198683,4.393948595403262,0.1723530522080375,0.001921957474690822
3.533796602963864,2.998039120415465,2.65366972676085,-1.962332923920871,5.496129526884736,4.39651674021715,0.1745038384648057,0.01109690375605342
3.512479864115263,2.990810781993589,2.612150868223501,-1.974455770410907,5.486935634526172,4.387322847674237,0.1713423582950197,-0.004216557584009913
3.519078474953769,2.990723886782365,2.62842286627259,-1.968699621981824,5.487778096935592,4.388165310178969,0.1728872495474545,0.002088613088365265
3.528426962231218,2.991752268326433,2.649612415355211,-1.961543791316199,5.489970753547418,4.390357966905789,0.1748174590867315,0.01026210536843348
3.52559671894949,2.989761037205721,2.64560270598071,-1.962264827392976,5.487861546342465,4.38824875969331,0.1746510262459928,0.008924863308157116
3.514715308166603,2.985465489284942,2.625361827601845,-1.967928573108271,5.482643881274873,4.383031094541543,0.1731757309892426,0.001509004786675645
3.508110639510006,2.98205962381607,2.614169224957934,-1.970681131655759,5.478791771165764,4.379178984393571,0.1724846003594977,-0.002447593663203124
3.499664865917199,2.977989448138941,2.599397478103401,-1.974448273046852,5.474113138964051,4.374500352136727,0.1715354836008878,-0.007696241586631627
3.482629252831784,2.971329087830294,2.567126091635298,-1.983389962836412,5.466019215668195,4.366406428701166,0.1692655376995318,-0.01931087849860604
3.482229053226393,2.96880030541641,2.569894298088958,-1.981553828519769,5.463782881746162,4.364170094815378,0.1697856707832943,-0.01798979264767982
3.488154885281801,2.968142127267134,2.585499686495495,-1.975879107049389,5.464033992331189,4.364421205498971,0.171301299724561,-0.01194557208796859
3.483704868304248,2.964913751389003,2.579275619340427,-1.976931177414334,5.460636045718582,4.361023258874748,0.1710692122880806,-0.01397860039046259
3.487156244466139,2.963838724471277,2.589321170340978,-1.973032247103958,5.460188491570097,4.360575704795257,0.1721294771671567,-0.009985895934222963
3.478547221810953,2.95961359682412,2.574344023139612,-1.97680770629761,5.455354928108562,4.355742141277455,0.171182134892601,-0.01528393885927215
3.470752508147082,2.955410815381245,2.561292176624026,-1.979902653904275,5.450655162051357,4.351042375174943,0.1704216600461722,-0.01982307437642594
3.473894998073353,2.954090220480933,2.570980866529195,-1.976056540222323,5.449951538295675,4.350338751488839,0.171466836331073,-0.01595983892269613
3.459745810899032,2.948166356059021,2.544748478982531,-1.983145535608481,5.442891346507512,4.343278559588487,0.1696718792739289,-0.02534726732325305
3.452500498431605,2.943777904256189,2.533267595493645,-1.985609231385821,5.438109729817426,4.338496942863287,0.1690884851634494,-0.02923785180403087
3.446818955390438,2.939691380641809,2.525216300292863,-1.98698493620196,5.433803891592397,4.334191104621603,0.1687881468178086,-0.03185430961495999
3.428135468282635,2.931945746077967,2.490016365053274,-1.996429192420975,5.42456466070361,4.324951873576429,0.1664487798171363,-0.04426721364599319
3.418779430447929,2.926266116186581,2.475041578112041,-1.999606196076915,5.418385626524844,4.318772839349418,0.1657158328405687,-0.04927083081531827
3.400770520112646,2.918059460685711,2.44183643231185,-2.008085291108583,5.408855811221229,4.309243023901844,0.1636820308927875,-0.06070854097376513
3.395239729763096,2.912809350640971,2.435883275491414,-2.008327586490458,5.403567316253554,4.303954528938283,0.1636955130444502,-0.06240246370520504
3.410070050050002,2.913130586839719,2.47315128115997,-1.995779174356298,5.4058492244063,4.306236437325786,0.1668921377691444,-0.04868137536763747
3.416580648104011,2.911887305841593,2.491399860895757,-1.989082964810166,5.405663612914176,4.306050825960227,0.1686548817092836,-0.04170923357368347
3.408872694077371,2.907085216576027,2.479324258155171,-1.991591235071999,5.400463929149371,4.300851142158567,0.1680708042645951,-0.04575600633854711
3.395713538608314,2.900647055573489,2.455959296341617,-1.997396674827123,5.393110213435437,4.293497426348427,0.1666595844961741,-0.05384001700839345
3.395917513980336,2.89758406790979,2.461150608597887,-1.994573716885294,5.390491230865631,4.290878443837857,0.1674368675108661,-0.05159502068823647
3.406600598275212,2.897597582920153,2.487884013429802,-1.985363485285196,5.391964083560408,4.292351296705321,0.1698544147340792,-0.04151865834694959
3.405191427682598,2.89477514336965,2.488577941392813,-1.984144408787536,5.389335836470134,4.289723049643906,0.1702218139546147,-0.04094805633642153
3.39510390108992,2.889607410624748,2.47115778882352,-1.98838863591113,5.383492537001048,4.283879750106331,0.1691778787318962,-0.0470020942724514
3.383205214473522,2.883711837222017,2.450213856733039,-1.993571242199,5.376776456672522,4.277163669691807,0.1679084358638972,-0.05427045238265731
3.395260364183915,2.884193502287452,2.479618569900188,-1.983583086118453,5.378843450302369,4.279230663510046,0.1705363676867987,-0.04320358348667852
3.396103318209239,2.8821247882365,2.48476398911277,-1.981072684979726,5.377176003188964,4.277563216448592,0.1712401633059529,-0.04100738955192442
3.396858880740545,2.880180628816612,2.489485707883881,-1.978745921550247,5.375604802290791,4.275992015598674,0.1718964858156924,-0.03897564011642363
3.390907889134076,2.876490925210643,2.480215177381108,-1.980694721411056,5.371602610545129,4.271989823824843,0.1714306827293585,-0.04211961662061173
3.380082136906539,2.871333655025279,2.460999708303315,-1.985582540551001,5.365664677457539,4.266051890656054,0.1702055562474745,-0.0488862295703452
3.378119200409152,2.868386307053818,2.460500349176443,-1.984733445663771,5.362852646072922,4.26323985929433,0.1704780520809743,-0.04875396617771301
3.38515986815511,2.868018223954706,2.478464965990312,-1.978346642795242,5.36350651095035,4.263893724294459,0.1721981651225653,-0.04183271991515166
3.378060273415525,2.864048192429114,2.466769935577063,-1.981043780523555,5.35910405393908,4.259491267241132,0.1715345943923051,-0.0458765967534251
3.386955911267151,2.86443193075632,2.488092424778936,-1.973710810939189,5.360666722206338,4.261053935647142,0.1735150106362283,-0.03769365355228957
3.385074637500075,2.862202895388872,2.486713407527278,-1.97341142803681,5.358486065536885,4.258873278988894,0.1736328925311839,-0.03796682146507302
3.391644603702183,2.862390647712747,2.502450391719916,-1.967919040958617,5.3595636446608,4.259950858216249,0.1751392317842173,-0.03184394986848185
3.37670854232771,2.856806729047316,2.474036814474511,-1.97596902071992,5.352677563047629,4.253064776464208,0.1730230346532362,-0.04225020283721993
3.374900096820984,2.854480798758401,2.472979559085424,-1.975523377213908,5.350423474034891,4.250810687465738,0.1731819371930058,-0.04238863624649702
3.38106080713489,2.854440536083763,2.488095128922849,-1.970185086025772,5.351245893160661,4.251633106693622,0.1746443536392806,-0.03650314692077611
3.383215236478939,2.853580883160076,2.494559621404212,-1.967591982806194,5.350807219285133,4.251194432869641,0.1753744652754174,-0.03386578968710763
3.382240182678566,2.851985792878084,2.494467011677242,-1.967058710559766,5.349298893238332,4.249686106837151,0.1755484884457825,-0.03370666859500206
3.375443131486835,2.848770000479047,2.482549777512638,-1.970139736174058,5.345582867660893,4.2459700812093,0.1747497673918077,-0.03798768180564582
3.37075511712063,2.845980742966086,2.475130185028786,-1.971773931113928,5.342529048234558,4.242916261758775,0.1743458317252082,-0.04054968561269171
3.37184156026445,2.844739559304382,2.479560277404171,-1.969770813614911,5.341612373879362,4.24199958744527,0.174917670789297,-0.03867020087198522
3.378413046207039,2.845181914619966,2.494860408354574,-1.96449913974197,5.342912185949008,4.243299399614626,0.1763728241423274,-0.03270939913604232
3.37182470356748,2.842184410559803,2.48317012277763,-1.967587163207565,5.339411866775045,4.239799080389567,0.1755637113185578,-0.03694380190350705
3.368528050845458,2.839949921482257,2.478355551510016,-1.968500936713532,5.33702898755899,4.237416201161833,0.1753474700065159,-0.03856041465030884
3.380248110896585,2.841952273469352,2.503819655007767,-1.960146429406477,5.340394540303061,4.240781754060372,0.1776465108345978,-0.02874776069775973
3.383634080418387,2.842070214464538,2.511762196567138,-1.95733939108346,5.340973471501846,4.24136068531211,0.1784371979820244,-0.02559204287482161
3.370112445281156,2.837510520454133,2.485663554325909,-1.965040328522055,5.335152773803211,4.235539987479108,0.1763492800901857,-0.03538452989003682
3.359262104639964,2.833283760026532,2.465357634501546,-1.970738166241601,5.330000270881563,4.230387484458594,0.1748393211549515,-0.04284024592820968
3.350896551565243,2.82944633000025,2.450449043986719,-1.974636488855564,5.325533040420805,4.225920253931702,0.1738316717518287,-0.04818739400490298
3.350247141931435,2.827576928954862,2.451565062019947,-1.97358608169638,5.323833223627814,4.22422043716407,0.1741500333350582,-0.04753307832158164
3.358401728858699,2.828275344376005,2.470427311669055,-1.967169546125103,5.325571274983802,4.225958488643385,0.1759098839506281,-0.04024328289815117
3.360935292429023,2.827754020302924,2.477298370569307,-1.964542541024612,5.325477833453635,4.225865047165576,0.1766505913800508,-0.03747043632482832
3.351602811645021,2.82400390400433,2.460012905076345,-1.969344057510853,5.320946869155875,4.221334082784473,0.175377602433602,-0.04380768300357211
3.352513704243974,2.822899061691416,2.463803859340833,-1.967609954809383,5.320123659053356,4.220510872718779,0.175876744150128,-0.04218543186359666
3.345135002217217,2.819538357809558,2.450664856415471,-1.971067327313872,5.316202329531088,4.216589543137698,0.1749752375335749,-0.0469230933582953
3.344815998509481,2.817990974265669,2.452108739046666,-1.970010269501957,5.314826268011437,4.215213481642922,0.175292816263098,-0.04617172353913109
3.340067543387679,2.815249109875777,2.4444705694721,-1.971737390401852,5.311804933789531,4.212192147394219,0.1748613168707365,-0.04882468806938477
3.353521480811612,2.817602149214649,2.473739145208998,-1.962189275118323,5.315710755929935,4.216097969715563,0.1774798025113584,-0.03760111025208815
3.362021797820478,2.819116370359497,2.491998284184708,-1.956187933815181,5.318209731635659,4.218596945533391,0.1791514138540082,-0.03051133440783225
3.376905719779574,2.822849754497759,2.522144994517382,-1.946621369442781,5.323527089222353,4.223914303292313,0.1818361849757828,-0.01881166323295603
3.377692136312719,2.823074313225223,2.523690174239094,-1.946139726854119,5.323831863166838,4.224219077245265,0.181972111273042,-0.01821138914708287
3.38669824088349,2.825723447609704,2.541211566320642,-1.94069303463854,5.327391275522031,4.227778489695225,0.1835166207602028,-0.01138444928712124
3.377155195219738,2.823296042143954,2.522128518991384,-1.946790089630219,5.323945284849958,4.224332498915355,0.1817795942214436,-0.01888019219378843
3.373027543033707,2.822083186969781,2.514046871117582,-1.949289436617667,5.322316979651374,4.222704193672825,0.1810774594929017,-0.02200563662489712
3.389704174913903,2.826775463507397,2.546808989859297,-1.939019910946877,5.32872408586078,4.229111300062087,0.1839903628147083,-0.009219694406714649
3.396041018109426,2.829084417553012,2.558449455167905,-1.935572365995269,5.331613384104695,4.232000598363069,0.1849691209237551,-0.004716063877213687
3.413120364414601,2.834776885669088,2.590240423189676,-1.925837099838566,5.338957464253166,4.239344678672436,0.1877845722246804,0.007814683890352378
3.409266025947885,2.834893425002184,2.581301611993424,-1.929230236215707,5.338496262163591,4.238883476520299,0.1867599894874496,0.004007301084613964
3.423908651859384,2.840269845980337,2.607723822790656,-1.921315534218269,5.345224186077652,4.245611400560392,0.1890603393592769,0.01442069520478629
3.43093690472534,2.843887934870223,2.619014657061199,-1.918405578597107,5.349342483322446,4.249729697845044,0.1898859305398442,0.01870045112550774
3.43929875442101,2.84808613997796,2.63252903942716,-1.914854684376122,5.354153438797131,4.254540653368374,0.1909036830986479,0.02387083330465548
3.409237978520389,2.841115430831024,2.573166334475729,-1.934575006659906,5.343812985180296,4.244200199418474,0.1850549654176184,-0.0003474285632124284
3.413386953557011,2.843033860438559,2.580220211974272,-1.932667092177785,5.346054045734795,4.246441260001804,0.185588825161369,0.002321122918697684
3.431348442889586,2.849150487000412,2.613340539820914,-1.922545897351927,5.353894340241514,4.254281554671715,0.1885272869043446,0.01541716130511359
3.433073458152558,2.851097033475013,2.614784391967535,-1.922735099816552,5.35580855796911,4.256195772389302,0.1884350823680367,0.0157269968592827
3.416013547391282,2.847487533801449,2.580465926990605,-1.934229954323175,5.350243501714456,4.250630715938527,0.1850459814060055,0.001759888494918404
3.406572273783748,2.845435559385369,2.561297104799177,-1.940554509613752,5.347126783397498,4.247513997511835,0.1832159809709908,-0.005909873392930164
3.403840859265145,2.844963598967189,2.555556687827493,-1.942489739433571,5.346330598698716,4.246717812778706,0.182658031126146,-0.008210041718674076
3.398630127907861,2.843654901820357,2.545111575801899,-1.945833320209069,5.344463448116929,4.244850662138772,0.1817076903743712,-0.01231223271741133
3.392096363761099,2.841766016684115,2.532284427580432,-1.949815865679733,5.341912229440832,4.242299443393832,0.1805897699109603,-0.01727927084412025
3.396216920085836,2.842726815240197,2.54069351223526,-1.947106385396782,5.343323305482619,4.243710519483496,0.1813549053366072,-0.01398852061281864
3.407067470319215,2.845813078487208,2.56194851789786,-1.940453737943944,5.347521208263157,4.247908422378185,0.1832389841500626,-0.005694804445658296
3.392837927178919,2.842007778229828,2.533706438039873,-1.949387205711439,5.342225132890356,4.242612346850684,0.1807090075321752,-0.01673468636046685
3.386001618078857,2.839824640019397,2.520504856119815,-1.953379222970073,5.339380841048929,4.239768054940511,0.1796014070852818,-0.02178390375098715
3.396522453881418,2.842424605341937,2.541820267461099,-1.946585388806419,5.343107842687835,4.243495056699349,0.1815108622454346,-0.01348674849796064
3.385683182980169,2.83924971405262,2.520538812982263,-1.953159116563389,5.338842299543557,4.239229513440959,0.1796740330377612,-0.02169356389778979
3.385511511953784,2.838769944541243,2.520790249310803,-1.952894730656183,5.338406242609967,4.238793456513754,0.1797577412413032,-0.02152805545869526
3.378617986686921,2.836370196680369,2.507692787973025,-1.95675221058447,5.335370197271391,4.235757411108924,0.1786996509582211,-0.02647834857395547
3.370473804673813,2.83339119679929,2.492339821153326,-1.961189062783066,5.331662867456879,4.232050081217981,0.1774964603333139,-0.03222132342020789
3.364110419727181,2.830670020837668,2.480842808315179,-1.964319654767706,5.328430074494887,4.228817288203197,0.1766642815166846,-0.03643458336953366
3.364024708143761,2.829564782940827,2.482196673839801,-1.96344323994802,5.327467948091781,4.227855161820033,0.1769278821993348,-0.03576038530008296
3.369542004309472,2.830119627386953,2.494680792621137,-1.9591789356441,5.328720939953572,4.229108153762384,0.1781178836284288,-0.03086975165578877
3.372036655419775,2.830062847463886,2.500727746502938,-1.9569876107596,5.329024266179375,4.229411480030353,0.1787392384908203,-0.02844497718697744
3.387209139269938,2.833805127876611,2.531568303517682,-1.947180232731034,5.334389372000971,4.234776586027228,0.1814863700354599,-0.01647996471210732
3.386428795506353,2.833520184863182,2.530117337964441,-1.947604968734283,5.334033764240635,4.234420978259744,0.1813683621160379,-0.01703243477356112
3.386776750165771,2.833537383608617,2.530913098847842,-1.947321389896916,5.334098140062687,4.234485354087088,0.1814501045231241,-0.01671030441495824
3.391459594692865,2.834831476398295,2.540164248429179,-1.944416756347081,5.335876351039945,4.236263565115024,0.1822708831954049,-0.01310636079787567
3.379399203684157,2.831442169610123,2.516342540649562,-1.951851891198124,5.33125109488228,4.231638308827195,0.1801808261953945,-0.0223428480540129
3.380118905332216,2.831313498287496,2.518223231934642,-1.951124042669333,5.331242948001549,4.231630161960661,0.1803918798294482,-0.02156438169345092
3.365517017255646,2.826813795125524,2.48964850261057,-1.959796824923219,5.325313842178864,4.225701055985081,0.1779989874710533,-0.03245078258369892
3.357580257013442,2.823735201361654,2.474878336733911,-1.963972021365407,5.321552278378848,4.221939492112843,0.17687718001737,-0.03792366427268785
3.358059266307702,2.822825689694865,2.47731623411335,-1.962778474552195,5.320837740859897,4.221224954619568,0.1772268441724986,-0.03684388005818539
3.360235463203094,2.822475491572054,2.483042851267472,-1.960607367868782,5.320842831071875,4.221230044874607,0.1778432668349551,-0.03452500570985266
3.355467370293716,2.820264403138352,2.474678712388957,-1.962804881002281,5.318272251295997,4.218659465062245,0.1772623049033822,-0.03756559705043012
3.345383213085708,2.816412505624522,2.455746082733173,-1.968164203154239,5.313547416239948,4.213934629911934,0.1758305386650044,-0.04455387542206778
3.343717283225575,2.814657824312272,2.454204588662888,-1.968087944132759,5.311805227358333,4.212192441036539,0.1758808731288389,-0.04494387614952349
3.368558073460095,2.820521853173708,2.505605690744248,-1.951784113682365,5.320342187142461,4.220729401120828,0.1803861509849606,-0.02521649450626222
3.353792621839091,2.815955629831769,2.47670211838027,-1.960541417662226,5.314334039501317,4.21472125332365,0.1779714258466938,-0.03621373930249991
3.359919199500886,2.81689044388144,2.490065085635262,-1.956082101915773,5.316001301416658,4.216388515322862,0.1792192035979433,-0.03099470069398339
3.369870499212912,2.819203856494622,2.510510891136307,-1.949527653202408,5.319398152415319,4.219785366440843,0.1810579557703804,-0.02304960948196656
3.366408736093065,2.818028144703351,2.503926955188199,-1.951488691746864,5.317897427839928,4.21828464183135,0.1805134817585299,-0.02555982901427886
3.36323414989981,2.81682090841086,2.498052203481847,-1.953176855716802,5.316411005616613,4.216798219579116,0.1800498147145203,-0.0277717619934603
3.362028533020738,2.816084007767059,2.496201232126393,-1.953579136309257,5.315607669329995,4.215994883286903,0.1799471918716233,-0.02841996111018974
3.362358639389301,2.815768050155987,2.497419995618933,-1.953024679419573,5.315383318808873,4.215770532777407,0.1801113034717901,-0.02788619434513208
3.370501268095218,2.817749615457193,2.513974393675184,-1.947739652598949,5.318240920694167,4.218628134758281,0.1815995649093965,-0.02144105942608653
3.375829104249823,2.819236734598157,2.524485761133007,-1.94444739028315,5.320276494532972,4.220663708655322,0.1825304315398833,-0.0173499533724006
3.380689744977272,2.820788915185293,2.533774186000625,-1.9416128351105,5.322302580087771,4.222689794259064,0.1833321803489384,-0.01374936898669245
3.392987535306621,2.824695241633809,2.557146133129346,-1.934429455645984,5.327416990952605,4.227804205246464,0.1853851641969415,-0.004611733621096311
3.406261708938924,2.829346123918091,2.581564439247197,-1.927056814077808,5.333318523016731,4.233705737431909,0.1875121306725499,0.004970233657080585
3.410328294957148,2.831737384362368,2.587766606754206,-1.925625612243795,5.335953907200943,4.236341121634345,0.1879023542194546,0.007235051825458107
3.408973292664879,2.832610403321054,2.58356561604875,-1.927529201170869,5.336502493835747,4.236889708231295,0.1873120185635835,0.005315529047550418
3.413525840462442,2.83510937554182,2.590738552671987,-1.925774763958723,5.339300604421164,4.239687818840453,0.1877975372973767,0.007974876062190259
3.409288518910878,2.835116184460229,2.581066176023239,-1.929401423415357,5.338689942326234,4.239077156679061,0.1867046675194256,0.003873864046198176
3.410528655988421,2.836513760168053,2.582102528755819,-1.929536041005349,5.34006469699377,4.240451911339503,0.1866396524518233,0.004098476240781255
